Country Name,1991,1992,1993,1994,1995,1996,1997,1998,1999,2000,2001,2002,2003,2004,2005,2006,2007,2008,2009,2010,2011,2012,2013,2014
Afghanistan,30.89999962,30.89999962,31.20000076,30.70000076,30.79999924,30.60000038,30.79999924,30.89999962,30.60000038,30.79999924,31.39999962,31,30.10000038,31.79999924,24.79999924,26.20000076,24.5,26.60000038,23,25.60000038,26,24.39999962,27.5,28.10000038
Angola,11.69999981,12.19999981,13.69999981,11.69999981,10.69999981,10.30000019,11.30000019,11.80000019,11.5,11.5,11.5,10.69999981,11.39999962,10.89999962,10.39999962,10.30000019,10.10000038,10.69999981,11.60000038,11.5,11.5,11.39999962,11.30000019,11.19999981
Albania,24.20000076,29.39999962,34,33.90000153,33.79999924,30.70000076,29.60000038,31,30.79999924,23.10000038,27.5,22,17,17.39999962,17.10000038,19.10000038,17.70000076,25.39999962,25.60000038,23.70000076,24.20000076,24.29999924,24.10000038,25.29999924
Arab World,42.27136373,42.77319599,45.37130599,44.55197548,46.61494631,45.49466257,43.36178972,44.28586155,38.30763582,43.09570232,43.98626281,41.19640548,41.36730098,41.35188526,44.98284013,42.41206475,41.27740524,40.50725135,42.15577989,42.66929003,45.59160199,46.18129953,45.67375095,46.30888833
United Arab Emirates,15.89999962,15,17.89999962,7.800000191,5.599999905,11.30000019,10.89999962,17.10000038,18.29999924,10.60000038,16.79999924,16.29999924,11.89999962,13.19999981,12.69999981,13.80000019,14.89999962,22.5,17,17.10000038,17.10000038,17.10000038,17.10000038,17.10000038
Argentina,13.19999981,12,26.79999924,24.79999924,38.20000076,35,30.29999924,25.39999962,24.79999924,32,31.29999924,36.79999924,39.90000153,31.89999962,28.39999962,32.09999847,25.60000038,22.29999924,24.70000076,23.89999962,22.39999962,23.29999924,23.79999924,25.5
Armenia,47.09999847,43.20000076,47,42.20000076,59,43.09999847,42.5,41.29999924,41.70000076,40.59999847,56.29999924,66,68.30000305,59.5,68.09999847,67.59999847,71.69999695,42.59999847,47,48.70000076,44.90000153,40.79999924,38.09999847,41.70000076
Australia,16.39999962,17.79999924,17.5,16.39999962,14.80000019,14.69999981,14.80000019,13.80000019,12.5,11.30000019,12.39999962,11.80000019,11.19999981,10.89999962,10.30000019,9.5,9.199999809,8.399999619,10.39999962,11,10.80000019,11,11.30000019,12.19999981
Austria,3.400000095,4,4.699999809,5.199999809,5.599999905,6.400000095,7.099999905,6.599999905,5.599999905,5.199999809,5.599999905,5.800000191,6.5,10,10,9.199999809,9,8.100000381,9.399999619,8.699999809,8.699999809,8.699999809,9.5,9.399999619
Azerbaijan,11.39999962,17.39999962,17.60000038,16.39999962,14.19999981,12.39999962,14.5,16,7.800000191,26.5,24.70000076,22.79999924,21,18.39999962,16.89999962,15.39999962,9.699999809,9.5,14.60000038,13.19999981,14.89999962,15.89999962,14.30000019,14.10000038
Burundi,11.30000019,11.69999981,12.30000019,12.10000038,12.39999962,12.39999962,11.69999981,11.39999962,11.80000019,11.80000019,11.60000038,11.60000038,11.60000038,11.5,11.39999962,11.39999962,11.5,11.39999962,11.5,11.39999962,11.39999962,11.5,11.60000038,11.60000038
Belgium,17.20000076,15.19999981,19.79999924,23.5,23.70000076,24.39999962,25.89999962,23,22.20000076,18.20000076,16.79999924,18.29999924,21.39999962,22.39999962,22.10000038,22.5,21.10000038,18.70000076,22.5,22.5,18.60000038,18.79999924,21.79999924,23
Benin,0.899999976,0.699999988,0.699999988,0.699999988,0.699999988,0.699999988,1.100000024,1.600000024,1.200000048,1,0.699999988,0.600000024,1.700000048,0.899999976,1,2.599999905,2.400000095,2.200000048,2.099999905,2.700000048,2.700000048,2.599999905,2.099999905,1.799999952
Burkina Faso,3.200000048,2.900000095,3.799999952,3.200000048,3,3,2.799999952,2.900000095,2.799999952,3.599999905,2.799999952,3.599999905,3.400000095,3.400000095,3.299999952,2.799999952,4,4,4,3.900000095,4,3.900000095,3.900000095,3.799999952
Bangladesh,8.100000381,8.100000381,7.5,7,6.400000095,5.099999905,6.900000095,5.199999809,7.800000191,9,8.600000381,8.100000381,5.599999905,7.5,11.30000019,10.30000019,10.5,10.80000019,12.5,8.800000191,8.699999809,8.699999809,9.300000191,9.399999619
Bulgaria,31.39999962,26.60000038,41.40000153,38.90000153,30.70000076,26.5,27.10000038,24.29999924,28.29999924,29.5,35.09999847,31.39999962,23.89999962,23.60000038,20.79999924,20,16,11.19999981,13.69999981,21.5,23.89999962,26.10000038,26.39999962,25.89999962
Bahrain,16.70000076,18.29999924,20,15.80000019,16.70000076,15.69999981,16.70000076,15.5,15.60000038,17.89999962,16.70000076,15.5,15.69999981,17.79999924,17.10000038,16.20000076,22.60000038,15.30000019,16.89999962,15.39999962,17.20000076,15.89999962,16.10000038,16.79999924
"Bahamas, The",24.5,30.79999924,26.70000076,27.70000076,23.79999924,29.89999962,28.70000076,21,21.29999924,20,16.5,21.20000076,28.39999962,26.79999924,23.89999962,18.39999962,21.60000038,21.10000038,41.20000076,40.79999924,29.70000076,31.79999924,35.59999847,34.29999924
Bosnia and Herzegovina,54,55.20000076,57.20000076,62.20000076,55.59999847,57.29999924,59.79999924,59.20000076,57.59999847,56,62.29999924,54,57.79999924,60.90000153,57.70000076,65.69999695,62.79999924,52.20000076,52.59999847,61.5,59,61.70000076,57.5,58.5
Belarus,13.10000038,13,13,13,13,13.10000038,13.60000038,13.39999962,13.10000038,13.19999981,13.19999981,13.19999981,13.30000019,13.60000038,13.39999962,13.5,13.39999962,13.5,12.89999962,13.39999962,13.19999981,13,13,12.80000019
Belize,28.29999924,28.60000038,25.79999924,30.70000076,32.20000076,33,37,36.90000153,35.20000076,29,24.20000076,26.5,27.10000038,27.79999924,28.5,24.79999924,22.5,21.70000076,34.20000076,32,32.40000153,37.20000076,37.20000076,35.29999924
Bolivia,7.400000095,10.30000019,10.5,9.899999619,9.899999619,11.19999981,9.300000191,7.699999809,9.399999619,10.5,10.19999981,11.89999962,11.80000019,9.100000381,10.30000019,10.5,10.60000038,8,7.599999905,7.599999905,6.900000095,6.900000095,6.199999809,6.300000191
Brazil,18.79999924,15,14.10000038,14.10000038,14.10000038,16.10000038,18.29999924,22.20000076,22.79999924,22.70000076,22.29999924,22.70000076,24.5,23.29999924,25,23,21.89999962,20.39999962,23.10000038,22.29999924,19.5,18.70000076,18.29999924,19
Barbados,36.70000076,47.40000153,47.70000076,50.5,43.09999847,31.89999962,35.09999847,29.60000038,27.10000038,22.10000038,25.89999962,26,28.5,24.39999962,22.70000076,21.70000076,18.5,20.29999924,23.29999924,24.5,28.20000076,29.20000076,29.20000076,30
Brunei Darussalam,13.30000019,12,10.80000019,11.30000019,11.69999981,12.19999981,10.60000038,10.69999981,12.89999962,12.10000038,11.69999981,12,12.30000019,10.89999962,10.89999962,10.80000019,10.80000019,10.69999981,11.19999981,11.89999962,11.80000019,11.89999962,12.30000019,12.10000038
Bhutan,9,9,9,9.100000381,9.100000381,7.5,5.400000095,4.400000095,4.300000191,5.099999905,5.800000191,5.599999905,5.400000095,7.5,7.300000191,8.899999619,11.5,12.60000038,15.10000038,10.19999981,10.19999981,6.400000095,10.80000019,10.5
Botswana,15.89999962,41.20000076,42.79999924,44.59999847,43.79999924,40.09999847,33.59999847,15.39999962,45.59999847,44.40000153,43.5,24,45.09999847,43.5,41.90000153,33.59999847,37.70000076,41.90000153,40.09999847,39.59999847,39.90000153,40.20000076,38.79999924,39.70000076
Central African Republic,11.89999962,12,11.89999962,11.5,11.39999962,12.39999962,11.19999981,11.5,11.5,11.60000038,11.69999981,11.69999981,12.30000019,11.60000038,11.60000038,11.39999962,11.39999962,11.60000038,11.60000038,11.5,11.5,11.39999962,13.80000019,12.39999962
Canada,12.89999962,14.5,14.5,13.69999981,13.30000019,13.80000019,15.30000019,13.60000038,12.69999981,11.39999962,11.10000038,11.80000019,11.89999962,11.89999962,10.5,10.39999962,9.899999619,9.899999619,12.39999962,12.39999962,12.30000019,12.60000038,12.30000019,12
Central Europe and the Baltics,23.80191261,22.90177687,26.33370722,26.68099622,25.26773024,24.22573451,22.16003929,20.7016328,24.08301763,26.68835886,29.35026287,30.9930252,30.69115472,29.70867597,27.69985699,24.60838915,19.54675746,17.81744422,21.02653954,24.75816315,26.37833241,27.30455758,27.76843262,25.25822604
Switzerland,3.299999952,4.199999809,6.800000191,6,5.300000191,4.199999809,3.799999952,6.900000095,5.800000191,4.199999809,5.599999905,3.799999952,8.699999809,7.400000095,9,7.5,7.300000191,7.5,9,8.300000191,7.699999809,8.100000381,8.800000191,8.199999809
Chile,21.5,21.70000076,22,21.39999962,19.79999924,18.29999924,18.20000076,18,25,25,23.20000076,24.10000038,24.89999962,24.70000076,23.89999962,21.70000076,20.70000076,23.10000038,24.5,21.60000038,21.10000038,19,19.20000076,19.10000038
China,7.400000095,6.699999809,6.699999809,6.900000095,7.300000191,7.400000095,7.5,7.800000191,7.800000191,7.599999905,7.699999809,7.5,7.300000191,7.300000191,7,6.800000191,6.5,7.400000095,7.5,7.300000191,7.5,7.800000191,8.100000381,8.5
Cote d'Ivoire,7.5,8.699999809,7.800000191,7,5.300000191,5.300000191,5.300000191,5.300000191,5.5,5.800000191,5.5,5.599999905,5.599999905,5.5,5.5,5.5,5.5,5.400000095,5.400000095,5.400000095,5.699999809,5.099999905,5.099999905,5
Cameroon,12.5,11.89999962,12,11.5,7.900000095,15,14.39999962,13.80000019,13.19999981,11.80000019,13.80000019,10.89999962,11.10000038,9.5,8.100000381,7.599999905,7.599999905,7.800000191,8.300000191,7.599999905,7.5,7.5,7.5,7.900000095
"Congo, Rep.",11.60000038,11.60000038,11.80000019,12.19999981,11.5,11.39999962,11.80000019,11.5,12,11.19999981,11.5,11.39999962,11.69999981,11.5,11.19999981,11.30000019,11.89999962,11.30000019,11.19999981,11.10000038,11.5,11.5,11.5,11.39999962
Colombia,32.20000076,24.79999924,30.79999924,30.39999962,30.70000076,31.5,29.89999962,33.20000076,36.70000076,40.40000153,33.70000076,35.5,32.29999924,33.90000153,31.20000076,29.10000038,29.70000076,29.5,30.89999962,31.79999924,30.5,27.70000076,22.39999962,24.70000076
Comoros,12.19999981,11.10000038,11.5,12.19999981,11.5,11.89999962,11.39999962,11.69999981,11.60000038,11.69999981,11.5,11.39999962,11.60000038,11.80000019,11.39999962,11.69999981,11.69999981,11.69999981,11.60000038,11.60000038,11.60000038,11.5,11.5,11.5
Cabo Verde,25.20000076,25,24.39999962,24.39999962,24.39999962,24.5,24.29999924,24.20000076,23.79999924,24.39999962,24.5,24.70000076,24.39999962,24.70000076,24.60000038,24.10000038,24.10000038,24.5,25.60000038,25.20000076,24.89999962,25.20000076,25.20000076,25.89999962
Costa Rica,14.19999981,10.10000038,10.10000038,11.89999962,13.69999981,16.89999962,16.5,17.89999962,16.60000038,14.80000019,16.70000076,17.70000076,18.39999962,18.5,21.70000076,19.89999962,15.5,13.69999981,22.39999962,21.29999924,22.20000076,24.70000076,24.39999962,24
Caribbean small states,39.90864324,40.87799966,40.15919342,38.16006331,39.85669945,41.81003625,40.07657436,39.3853546,41.15899324,37.38667031,35.26111352,32.87959486,30.50212489,31.02189354,28.422808,26.10323017,23.91743132,25.96452895,28.9799983,31.09090743,30.021864,32.69818058,34.1822429,32.02856779
Cuba,4.800000191,12.69999981,7.400000095,7.800000191,18.10000038,16.79999924,15.89999962,14.10000038,14.5,12.5,9.600000381,7.699999809,5.400000095,5.099999905,4.400000095,3.799999952,3.5,3.900000095,3.700000048,5.699999809,7.300000191,7.300000191,7.400000095,7.599999905
Cyprus,19.29999924,4.800000191,19.5,8,8.5,9,7.099999905,13.10000038,13,13.19999981,10.10000038,6.900000095,8.199999809,9,13.69999981,10.60000038,8.899999619,8.800000191,13.5,16.60000038,20.39999962,25.60000038,34.70000076,35.59999847
Czech Republic,4.199999809,7.400000095,10.39999962,9.800000191,8.600000381,8.399999619,10.30000019,15,18.5,17.39999962,17.20000076,17.29999924,18.89999962,19.5,19.20000076,18.70000076,11,9.899999619,16.89999962,18.60000038,17.79999924,19,19.39999962,18.39999962
Germany,6.099999905,6.800000191,7.800000191,8.300000191,8,9.100000381,9.600000381,8.199999809,7.900000095,7.400000095,7.099999905,8,8.600000381,10.80000019,13.89999962,12.60000038,11,10,9.699999809,8.800000191,7.800000191,7.400000095,7,6.900000095
Denmark,12.30000019,12.5,14.60000038,10.19999981,12.39999962,12.30000019,9.899999619,7.599999905,10.39999962,7,9.399999619,7.5,9.100000381,7.400000095,8.5,7.5,7.400000095,8.600000381,10.30000019,11.80000019,12.80000019,13.5,11.80000019,11.39999962
Dominican Republic,50.29999924,58.5,58.29999924,42.70000076,42.20000076,45.59999847,44.79999924,41.90000153,39.70000076,34.5,31.89999962,26.10000038,47,51.79999924,50.5,46,44.5,40.09999847,42,35.09999847,40.90000153,42.70000076,46.5,45.59999847
Algeria,60.5,67,66.90000153,60.5,70.09999847,72.80000305,63.20000076,64,65.19999695,77.40000153,71.69999695,67,60.40000153,43.59999847,48,37.70000076,46.59999847,38,35.09999847,38.29999924,38.70000076,37.90000153,33,32
East Asia & Pacific (excluding high income),9.146977618,7.382897471,8.311561784,8.679256703,8.400165327,8.678070013,8.927061769,9.925916953,10.11537067,9.943921164,11.08351217,11.20255753,11.19297132,11.53549733,11.53204724,11.00789802,9.831761861,10.20009483,10.05653551,10.38352475,9.82821365,9.929181996,10.5869877,10.89566675
Early-demographic dividend,16.80303008,15.49004715,16.50799548,14.82833959,15.90861267,16.05866077,16.33865818,17.0491641,16.44904163,17.4768853,18.67667883,18.19076906,17.87298099,17.69183388,18.84565995,17.9098139,16.20172341,16.77952802,16.85033991,17.92048333,17.71938966,17.59973227,17.28354671,17.39958382
East Asia & Pacific,8.865801054,7.269330174,8.182051741,8.484643097,8.253343488,8.519780712,8.767688493,9.884570045,10.07834558,9.834262312,10.92087158,11.02438143,11.04230463,11.35548023,11.2992637,10.80089338,9.673676582,10.00737761,9.970872027,10.28612068,9.711955997,9.814786619,10.39209129,10.6770244
Europe & Central Asia (excluding high income),20.30112549,17.22894988,18.43038618,18.66000784,18.82449358,19.08327924,20.93159644,22.41756599,21.86603423,20.31278682,19.7761043,19.63869774,20.27041676,20.20363223,19.17355306,19.35425255,17.930383,17.71742417,20.39865548,19.87282977,19.28859282,18.82898859,18.32855036,18.2006106
Europe & Central Asia,20.21129549,18.94075697,21.07229828,21.67470189,21.79314292,21.89901693,22.5802358,22.40680813,22.10586468,20.67529385,19.83180539,19.95749507,20.38176912,20.40678493,19.84702112,19.28679081,17.54894136,17.23027697,20.19654898,20.6588975,20.80924076,21.52316623,21.71664968,21.25392105
Ecuador,11.60000038,13,12.69999981,21,12.80000019,13.39999962,20.29999924,16.10000038,18,20,21.10000038,24.79999924,20.20000076,17.79999924,17.39999962,18.5,12.89999962,18.10000038,18.29999924,15,14.10000038,13.5,13.60000038,14.69999981
"Egypt, Arab Rep.",49.20000076,45.59999847,55.90000153,56.20000076,57.59999847,46.5,43.90000153,44.20000076,37.40000153,45.70000076,51.70000076,40.5,45.09999847,50,60.59999847,56.09999847,48.20000076,50.79999924,56.70000076,54.59999847,57.5,59.29999924,61.29999924,64.80000305
Euro area,21.70441296,22.29730362,25.57414733,27.06819872,27.52354495,28.01599325,27.84568588,25.53395048,24.38468304,21.67013446,19.40420505,19.69822379,19.66996675,19.93056159,20.0926907,19.1501666,17.44856651,17.46665357,21.02849855,22.38987968,23.35523486,25.90847917,27.20745897,27.56825769
Eritrea,11.69999981,11.69999981,10.80000019,10.19999981,11.60000038,11.10000038,11.19999981,11.60000038,11.69999981,12.80000019,11.10000038,11.5,12,11.69999981,11.60000038,11.80000019,11.69999981,12.5,11.5,11.60000038,11.10000038,11.19999981,11.5,11.69999981
Spain,39,41.59999847,48.70000076,51.70000076,50.79999924,50.79999924,47.90000153,44.70000076,38.20000076,34.20000076,27.79999924,28.29999924,28,27.29999924,24.39999962,22.39999962,22.79999924,26.70000076,37.09999847,40.79999924,45.09999847,52.90000153,56.40000153,58.09999847
Estonia,2.599999905,6.5,11.60000038,13.30000019,13.69999981,14.30000019,15.30000019,11.80000019,21.79999924,22,33.79999924,21.89999962,30.29999924,23.70000076,14.69999981,14.69999981,7.099999905,11.39999962,22.20000076,30.20000076,20.89999962,17.89999962,19.89999962,13.10000038
Ethiopia,13.69999981,13.80000019,11.80000019,14,16.60000038,11.69999981,13.19999981,14.89999962,16.79999924,15.39999962,14.19999981,13.10000038,12,11,11.39999962,10.80000019,10.89999962,10.60000038,10,10.30000019,10.69999981,11.69999981,8.899999619,9.699999809
European Union,20.72418871,21.12110616,24.24016404,25.18751597,25.13413428,25.14618847,24.44550259,22.43669509,22.40714486,21.24266955,20.28551749,20.90094539,20.79601512,20.86760065,20.77683923,19.54295131,17.42181903,16.90644674,20.18113599,21.9010716,22.94837241,24.86668236,25.71739627,24.90291996
Fragile and conflict affected situations,22.4164161,22.51914218,21.85143832,22.19267868,21.82572454,22.31504718,21.93578263,22.15830079,21.32058272,22.40542618,22.51134368,22.44831061,21.47894686,22.50449193,22.10297941,22.53686033,22.41433349,21.94718934,22.04954935,22.74673517,24.18477715,24.02617196,23.88921994,23.70111605
Finland,13.19999981,22.70000076,30.39999962,30.70000076,28.79999924,26.10000038,25.10000038,24.5,22.20000076,21.79999924,20.20000076,20.5,21.5,19.39999962,19.5,18.39999962,16.79999924,16.20000076,18.70000076,19,18.39999962,18,17.5,17.60000038
Fiji,17.10000038,15.69999981,17.20000076,16.60000038,15.69999981,16.39999962,19.29999924,24.10000038,23.20000076,22.39999962,17.79999924,16.79999924,25.20000076,14.10000038,13.89999962,19.79999924,26.89999962,27.60000038,26.70000076,26.5,26.5,26.5,25.70000076,24.39999962
France,22.20000076,24.60000038,27.20000076,30.10000038,30.10000038,30,30.79999924,28.20000076,28.20000076,22.5,20.5,20.79999924,18.79999924,20.29999924,21.79999924,22.89999962,19.89999962,18.5,22,23.39999962,23,23.70000076,25,22.5
Gabon,42.40000153,41.70000076,41,41.29999924,41.70000076,41.90000153,42.20000076,42.20000076,42.20000076,42.29999924,42.29999924,42.29999924,42.40000153,42.40000153,42.40000153,42.40000153,42.5,42.5,42.5,40.5,40.40000153,40.59999847,41.29999924,40.79999924
United Kingdom,11.5,11.89999962,13.60000038,13,12.5,11.39999962,11.39999962,10.69999981,10.30000019,10.39999962,8.800000191,9,9.600000381,9.899999619,11,12,12.80000019,12.39999962,15.89999962,17.29999924,17.89999962,18.20000076,17.79999924,14.39999962
Georgia,31.10000038,30.70000076,31,31.29999924,32.59999847,30.29999924,30.39999962,30.20000076,24.39999962,20.29999924,19.70000076,26.89999962,31.29999924,32.59999847,30.29999924,31.20000076,36.5,41.09999847,43.20000076,41,40.70000076,37.59999847,36.40000153,35.70000076
Ghana,17.5,16.79999924,18.10000038,11.10000038,6.400000095,17.5,15.69999981,17.89999962,19.5,16.5,18.10000038,18.89999962,18.29999924,15.5,8.100000381,7.699999809,5.599999905,9.399999619,4.199999809,12.39999962,10.10000038,7.800000191,1.799999952,3.299999952
Guinea,1.200000048,1,1.299999952,1.700000048,1.5,1.399999976,1.299999952,1.200000048,1.100000024,1.100000024,0.899999976,1,1.200000048,1.200000048,1,1.100000024,1.200000048,1.200000048,1,1,0.800000012,0.800000012,0.800000012,0.899999976
"Gambia, The",11.60000038,11.39999962,11.30000019,11.5,12,11.30000019,11.39999962,11.30000019,11.30000019,11.30000019,11.30000019,12,11.19999981,11.19999981,11.80000019,11.69999981,11.5,11.30000019,11.30000019,11.30000019,12.10000038,11.39999962,11.30000019,11.19999981
Guinea-Bissau,11.39999962,11.69999981,11.60000038,11.5,11.39999962,11.39999962,11.30000019,14,11.19999981,11.19999981,11.60000038,11.80000019,11.69999981,11.60000038,11.39999962,11.60000038,11.5,11.5,11.5,11.39999962,11.10000038,11.89999962,11.80000019,11.80000019
Equatorial Guinea,11.80000019,9.300000191,10.89999962,10.5,10.5,7.5,4.199999809,10,9.899999619,10.39999962,7.699999809,10.30000019,10.69999981,9.100000381,11,11.69999981,10.80000019,10.80000019,12.39999962,11.89999962,11.39999962,11.5,12,13.60000038
Greece,32.90000153,33.29999924,38.29999924,36.20000076,36.90000153,40.40000153,39.70000076,38.90000153,40.40000153,37.29999924,35.5,35,36.20000076,35.90000153,34.29999924,34.5,31.79999924,28.79999924,33.70000076,40.20000076,51.40000153,62.79999924,63.79999924,59.5
Guatemala,5.599999905,5.599999905,6.599999905,6.400000095,7.699999809,7.699999809,12,7.900000095,4.599999905,3.400000095,3.200000048,7.599999905,6.800000191,7.599999905,5.800000191,4.300000191,6,6.900000095,7.699999809,7.800000191,13,7.699999809,5.300000191,5.599999905
Guyana,34.59999847,39.09999847,38.29999924,37.59999847,36.90000153,36.20000076,35.5,34.70000076,34,33.29999924,32.59999847,31.89999962,32.79999924,31.70000076,33.40000153,30,29.10000038,31.5,30.89999962,30.39999962,29.89999962,30.20000076,31.10000038,31.79999924
High income,15.57227066,15.9860289,17.43441295,17.23799868,17.63748411,17.70206664,17.48713211,16.90761535,16.22129233,15.32947711,15.05182579,15.98174636,16.66149277,16.55677789,16.12877242,15.28597623,14.05697123,14.6031932,17.54924736,18.44334525,18.56335744,19.16776798,19.11475074,18.30201708
"Hong Kong SAR, China",3.599999905,4,4.099999905,3.599999905,5.900000095,5.599999905,4.5,9.100000381,12.69999981,10.39999962,9.300000191,11.89999962,11.69999981,9.100000381,7.900000095,8.100000381,7.199999809,7,10.10000038,10.30000019,7.699999809,7.800000191,7.199999809,6.900000095
Honduras,11.69999981,7.900000095,7.900000095,7.300000191,8,10.69999981,8,9.699999809,8,7.900000095,8.199999809,8.399999619,12.10000038,15.80000019,11.5,8.100000381,7.599999905,8.100000381,10.19999981,14.39999962,14.10000038,10.69999981,10.30000019,10.19999981
Heavily indebted poor countries (HIPC),14.61593879,14.8230038,14.59300348,14.57391498,14.49256989,14.41661013,14.50584198,14.57342361,14.66580503,14.55413384,14.43875826,14.10446285,14.10316932,13.59682299,12.70555921,13.1490428,12.52929823,12.74851184,12.89119683,13.40395485,13.49177372,13.35262284,12.74158257,12.84706329
Croatia,38.70000076,27.89999962,28.5,28.60000038,28.20000076,27.29999924,27,29.20000076,33.20000076,37.40000153,43.90000153,39,38.40000153,37.40000153,35.09999847,31.10000038,28.79999924,27.5,29,35.90000153,37.40000153,45.29999924,50.5,46.59999847
Haiti,30.70000076,31.39999962,31.89999962,33.20000076,29,30.10000038,30.39999962,30.5,20.5,20.89999962,21.29999924,21.10000038,21,21.79999924,20.70000076,20.60000038,20.39999962,20.89999962,20.39999962,22.10000038,20,20.5,20.10000038,20.20000076
Hungary,27.5,14.80000019,18,16.29999924,15.60000038,16.29999924,14.5,11.60000038,11.5,11.19999981,9.899999619,11.69999981,12.89999962,14.30000019,19,19.89999962,18.79999924,20.79999924,24.10000038,24.79999924,24.5,27.10000038,28.10000038,21.89999962
IBRD only,14.46223219,13.14930657,14.21769774,13.48821269,14.13305169,14.52202996,14.83905145,16.16231305,15.71566636,15.98212131,16.87275103,16.62936066,16.36748366,16.27142126,16.75278301,16.06515754,14.56837464,14.9648027,15.35741123,16.08059607,16.00924956,16.02424108,15.98118174,16.27607448
IDA & IBRD total,14.50410122,13.31912794,13.98622729,13.3939074,14.03092182,14.27862083,14.66892304,15.52646709,15.35254817,15.80489489,16.40621226,15.95818877,15.65809356,15.46112282,15.81590493,15.16404773,13.96016304,14.33907777,14.71990596,15.22110309,15.15084917,15.12564008,15.04871734,15.2691637
IDA total,14.657876,13.92796305,13.17776661,13.07327286,13.69287686,13.49183451,14.13240228,13.56823963,14.25667159,15.27851861,15.03530748,13.99947355,13.59775933,13.12155702,13.13479143,12.61248015,12.26097737,12.61999833,13.00419664,12.9654676,12.95973459,12.90447219,12.82295668,12.9476838
IDA blend,16.56199932,14.53109315,13.0302095,12.5950705,14.43825079,14.63227625,15.44079947,14.18294996,15.5378852,17.62230465,17.50113758,15.0409677,14.68813176,13.27312027,12.86416438,11.27162597,11.02016116,11.49787472,11.90520816,11.69073675,11.55714477,11.5277937,11.93855475,12.17801197
Indonesia,18.70000076,8.600000381,15.19999981,17.39999962,13.80000019,15.89999962,16.20000076,19.29999924,19.29999924,18.39999962,24.79999924,27.79999924,29.79999924,32.5,38,34.90000153,27.70000076,25.70000076,23.29999924,27.60000038,22.5,20.60000038,22.29999924,22.39999962
IDA only,13.51071227,13.56667184,13.26570248,13.35689514,13.25275671,12.82093543,13.36550073,13.20916262,13.51056465,13.9168897,13.60449146,13.39583104,12.96633552,13.03386534,13.29112631,13.38559367,12.97460065,13.26306588,13.63060604,13.68672652,13.74391135,13.66310891,13.30273122,13.35855028
India,11.5,11.5,11.60000038,8,8.899999619,8.800000191,9.600000381,11.5,10.19999981,10.10000038,11.39999962,10.10000038,9,9,10.39999962,10.39999962,8.800000191,10.10000038,9.800000191,11.39999962,11.5,11.60000038,11.10000038,11
Ireland,21.20000076,20.79999924,22.89999962,20.60000038,17.39999962,17,14.89999962,11,8.399999619,6.800000191,5.900000095,6.599999905,7.199999809,7.5,7.800000191,8,8.100000381,9.899999619,17.29999924,21.60000038,22.79999924,24.10000038,23.39999962,24.20000076
"Iran, Islamic Rep.",30.89999962,32,32.09999847,32.29999924,32.5,37.59999847,33.29999924,32.59999847,31.39999962,32.29999924,32,34.40000153,32.59999847,27.5,33.59999847,32.59999847,29.79999924,33.70000076,32.09999847,40.79999924,40.70000076,40.29999924,40.79999924,41.40000153
Iraq,66.5,66.40000153,66.30000305,66.19999695,66.09999847,66,60.90000153,66.59999847,63.29999924,63.90000153,64.5,65.5,59.09999847,70.90000153,65.19999695,63.70000076,61.70000076,56.09999847,56.09999847,56.09999847,56.20000076,56.20000076,54.5,57.70000076
Iceland,3.799999952,10.89999962,9.800000191,10,8.600000381,7.5,7.199999809,5.5,4.400000095,3.599999905,4.300000191,4.5,7,6.699999809,5.900000095,7.400000095,6.099999905,7.400000095,11.80000019,14,10.69999981,12.30000019,8.199999809,8.199999809
Israel,25,25.29999924,23.20000076,19.10000038,17.20000076,15.10000038,16.20000076,17.5,17.39999962,16.79999924,18.20000076,20.70000076,22.10000038,21.29999924,18.60000038,19.20000076,17,13.39999962,13.5,12.89999962,11.30000019,12.89999962,10.80000019,11.5
Italy,33.79999924,32.5,34.40000153,35.5,38.09999847,39.5,40.59999847,38.29999924,38.29999924,35.20000076,31.5,31.60000038,31.20000076,29.10000038,27.39999962,25.29999924,23.39999962,24.70000076,28.79999924,29.39999962,32,37.5,41,45.79999924
Jamaica,44.70000076,40.5,41.40000153,39.40000153,46.79999924,49.79999924,47,47.59999847,49.70000076,45.5,47.5,40.90000153,29.10000038,36.79999924,33.09999847,29.20000076,28.60000038,33.20000076,32.59999847,37.09999847,37.40000153,41.59999847,45.29999924,39.29999924
Jordan,42.5,57.5,71.19999695,66.59999847,53.40000153,50.29999924,44.40000153,38.79999924,43.29999924,41.40000153,46.29999924,46.5,48.70000076,34.20000076,52.09999847,47.29999924,49.20000076,50.59999847,48.09999847,49.70000076,48.79999924,51.09999847,55.20000076,47.59999847
Japan,4.300000191,4.099999905,5.199999809,5.300000191,6.199999809,6.800000191,6.400000095,7.300000191,8.199999809,7.900000095,8.699999809,8.699999809,8.5,8.399999619,7.400000095,7.199999809,7.199999809,6.5,7.900000095,7.900000095,7.099999905,7,5.900000095,5.699999809
Kazakhstan,17.60000038,15.89999962,15.69999981,10.39999962,15.30000019,18.10000038,18,18.10000038,18.70000076,17.70000076,14.39999962,18.5,16.20000076,15.5,11.19999981,10.80000019,10.10000038,8.199999809,8.300000191,6.5,5.800000191,6,4.5,4
Kenya,18.29999924,18.60000038,18.5,18.20000076,18,18,18.39999962,18.10000038,18.20000076,18.39999962,17.89999962,18.39999962,18.10000038,17.89999962,17.79999924,17.79999924,17.5,18.39999962,18.10000038,17.39999962,17.60000038,17.89999962,17.89999962,18
Kyrgyz Republic,17.39999962,17.29999924,17.39999962,17.29999924,17.5,18.60000038,16.10000038,19.60000038,16.70000076,15.39999962,16,21,18.29999924,17.70000076,16.20000076,16.20000076,16.70000076,17.39999962,19.29999924,20.10000038,19.10000038,18.89999962,18,17.20000076
Cambodia,1.299999952,0.899999976,2,3.900000095,4.199999809,4.5,4.900000095,5.300000191,5.699999809,6.099999905,4,4.599999905,5.300000191,4,2.799999952,2,1.299999952,0.699999988,0.300000012,1,0.800000012,0.5,0.800000012,1
"Korea, Rep.",5.400000095,6.199999809,6.800000191,5.699999809,5.099999905,4.400000095,6.099999905,12.30000019,11.19999981,8.699999809,8.399999619,7.300000191,8.899999619,9.199999809,8.600000381,8.5,6.900000095,7.800000191,8.100000381,8.699999809,7.800000191,8.300000191,8.899999619,9.100000381
Kuwait,4.300000191,3.700000048,3.200000048,2.900000095,2.5,2.900000095,2.900000095,2.900000095,2.799999952,3.200000048,3.200000048,4.5,5.400000095,7.199999809,10.80000019,5.5,6.199999809,7.400000095,6.400000095,7.300000191,14.80000019,14.39999962,13.69999981,12.80000019
Latin America & Caribbean (excluding high income),16.16134927,14.27800466,15.31133446,15.46271909,18.36489929,18.94229842,18.55665576,19.30789291,19.32570171,19.83076679,19.01968529,20.56161715,21.52413482,21.06565576,19.84076213,18.83522192,17.56778189,16.95305502,18.89831756,18.59417444,17.68660349,16.99525269,16.33435139,17.03817745
Lao PDR,3.700000048,4.099999905,4.300000191,4.400000095,4.5,3.400000095,3.5,3.5,3.400000095,3.400000095,3.299999952,3.299999952,3.799999952,4.400000095,2.5,2.5,2.5,2.5,2.5,2.5,2.5,2.5,2.5,2.700000048
Lebanon,21.89999962,19.89999962,21.20000076,22,20.79999924,20.10000038,23.5,20.10000038,20.70000076,21.29999924,20.10000038,20.20000076,21,19.79999924,20.39999962,21.10000038,22.29999924,22.89999962,27.29999924,27.20000076,27.10000038,27.10000038,25,24.70000076
Liberia,6.199999809,6.300000191,6.400000095,6.300000191,6,5.800000191,5.699999809,5.599999905,5.599999905,5.599999905,5.599999905,5.599999905,5.699999809,5.900000095,4.599999905,5.699999809,3.700000048,4.400000095,5.099999905,6.699999809,6.599999905,6.599999905,5.900000095,5.800000191
Libya,59.90000153,59.40000153,59.40000153,59.59999847,59.09999847,59.70000076,59.59999847,59.59999847,59.70000076,59.79999924,59.59999847,59.59999847,60.09999847,59.79999924,60,59.79999924,59.70000076,59.5,59.40000153,59.5,57.29999924,63.29999924,69.69999695,69.19999695
Latin America & Caribbean,16.54469992,14.74063624,15.69201371,15.78737644,18.56816624,19.0555326,18.69299384,19.38994841,19.55503953,20.02454328,19.20594777,20.71651734,21.65382175,21.16901052,19.99598351,18.99779081,17.71276351,17.16363224,19.09640089,18.7403646,17.83569988,17.12409217,16.48177319,17.16440285
Least developed countries: UN classification,13.25998227,13.34354236,13.02632216,13.34740638,13.36436891,12.52462782,13.24189888,12.98088133,13.30922043,13.85155233,13.47179959,13.11916532,12.59656831,12.74088686,13.30837284,13.46915199,13.08393404,13.22900013,13.79300421,13.58620886,13.72240507,13.74459959,13.55504445,13.5841348
Low income,12.01839222,12.29063982,11.98656706,12.40223744,12.77062788,12.32037053,12.58770406,12.74629005,12.66834654,12.75956586,12.46390639,11.98509701,11.83185549,11.48244375,11.01140187,11.59905645,11.01355211,11.35964245,11.32771819,11.45771173,11.69176709,11.75709614,11.43019219,11.51168496
Sri Lanka,54.90000153,53.40000153,47.40000153,48.09999847,45.20000076,43.40000153,41.40000153,32.29999924,35,31.29999924,32.29999924,36.20000076,34.20000076,35.90000153,37.59999847,27.60000038,27.29999924,25,27.60000038,24.20000076,24.60000038,22.60000038,24.29999924,25.39999962
Lower middle income,15.43202916,13.91036777,14.58358449,13.11170409,13.4271424,13.43583757,14.1226028,15.18215728,14.54039716,15.36057351,16.72806595,15.66433826,15.13416857,15.38072237,16.64210968,15.84198298,14.19033822,14.77236808,14.84253666,15.74750032,15.72111363,15.51929393,15.43233455,15.5222006
Low & middle income,14.30134621,13.13736911,13.77151111,13.17668555,13.84397439,14.12989219,14.5375657,15.41224749,15.16628476,15.5817206,16.16151992,15.70247723,15.40364824,15.22272657,15.61138682,15.01012479,13.85506083,14.26383272,14.63627407,15.12467376,15.04955438,15.03051519,14.95606698,15.20315402
Lesotho,53.79999924,56.20000076,58.59999847,42.90000153,50.90000153,45.79999924,59.29999924,51.79999924,43.90000153,42.90000153,56.40000153,51.5,58.79999924,55.79999924,56.40000153,51.5,43.79999924,41.90000153,46.70000076,46.40000153,48.90000153,45.40000153,37.29999924,40.90000153
Late-demographic dividend,11.49265367,10.03545229,10.36007109,10.72472807,11.12543791,11.49608646,12.02925127,13.15241905,13.17820333,12.8812503,12.82182027,12.58198111,12.53701755,12.25434827,11.8772961,11.23803525,10.50437608,10.84407232,11.70052332,11.40758135,11.27557205,11.37450965,11.49089129,11.78406624
Lithuania,27,15.30000019,30.29999924,28.89999962,28.39999962,25.89999962,21.79999924,18.89999962,21,27.20000076,24.60000038,21.5,32.70000076,16.89999962,15.30000019,9.600000381,10.10000038,14.39999962,21.5,30.89999962,29.10000038,21.70000076,20.39999962,20.39999962
Luxembourg,2.5,2.400000095,3.799999952,7.300000191,7.800000191,8.399999619,9.100000381,7.300000191,7.699999809,7.099999905,5.300000191,9,12.19999981,22.29999924,16.10000038,15.19999981,17.70000076,24.10000038,17.70000076,10.30000019,20.79999924,18.29999924,18.89999962,13.39999962
Latvia,21.70000076,22.89999962,24,23.10000038,24.39999962,24.29999924,26.60000038,26.10000038,19.5,21.79999924,21.39999962,26.10000038,23.10000038,25.79999924,16.20000076,14.60000038,10.10000038,13.10000038,28.5,33.79999924,30.70000076,29.20000076,24.89999962,19.70000076
"Macao SAR, China",4.300000191,3.400000095,3.200000048,5,5.400000095,6.099999905,6.699999809,7.900000095,8.199999809,6.599999905,7,7.599999905,8.5,8.100000381,6.099999905,5.699999809,3.900000095,4.300000191,5.900000095,3.400000095,4.699999809,4,3.799999952,3.099999905
Morocco,16.10000038,18.29999924,20.70000076,23.29999924,26.10000038,29.10000038,32.29999924,35.70000076,16.70000076,16,16.60000038,16.89999962,15.89999962,14.39999962,14.39999962,14.10000038,15.5,16.20000076,16.29999924,16.20000076,17.29999924,19.10000038,17.5,19.10000038
Moldova,14.19999981,14,13.80000019,13.89999962,13.89999962,14.39999962,7.5,12.60000038,24.10000038,15,14.10000038,12.69999981,17.10000038,17.70000076,18.39999962,16,13.89999962,12.60000038,14.80000019,14.89999962,15.89999962,13.5,12,7.800000191
Madagascar,4.5,5.400000095,4.599999905,6.099999905,4.900000095,4.5,3.400000095,3.200000048,2.799999952,2.900000095,5.300000191,6.199999809,7.199999809,5,2.799999952,5.099999905,5.5,5.900000095,6.699999809,6.599999905,6.599999905,6.599999905,6.199999809,5.800000191
Maldives,34.20000076,34.29999924,34.59999847,35.09999847,35.09999847,34.5,34,34.20000076,35.20000076,34.40000153,33.59999847,32.79999924,32,32.90000153,31.70000076,30.5,34,33.70000076,34.5,35.20000076,35.29999924,36.59999847,35.59999847,36.79999924
Middle East & North Africa,41.3322562,42.05503065,44.32324776,43.56149068,45.39088297,45.41943315,42.41002216,43.12904089,37.62096826,41.9254377,42.65155779,40.84376754,40.55336667,39.27604473,43.86523715,41.48276346,39.90072387,40.45231014,41.08157027,43.52528029,46.22225662,46.84620325,46.59463711,47.47848728
Mexico,5.699999809,6,6.199999809,8,15.10000038,12.10000038,10.5,8.600000381,6.099999905,6.300000191,6.599999905,8,8.300000191,10.80000019,7.300000191,7.5,7.5,8.399999619,10.60000038,10.10000038,10.5,10,10.80000019,11
Middle income,14.485397,13.20718685,13.92217171,13.24361893,13.93894705,14.2931811,14.71723253,15.66300234,15.40562719,15.85644533,16.52576223,16.07239838,15.76247173,15.60268445,16.08540672,15.36708472,14.15800649,14.58044384,15.00672738,15.54836458,15.4510598,15.43750566,15.41311788,15.70193726
"Macedonia, FYR",53.20000076,52,49.40000153,55.5,55.20000076,62.40000153,60.59999847,74.5,61.79999924,62.5,57.90000153,59.09999847,66.59999847,65,62.20000076,60.90000153,58.29999924,57.5,59.5,53.40000153,54.90000153,51.70000076,50.79999924,50.59999847
Mali,14.60000038,15.80000019,15.10000038,15.19999981,15.69999981,15.10000038,14.60000038,14.89999962,14.5,14.60000038,14.80000019,15,15.30000019,15.69999981,15.19999981,14.60000038,15,14.69999981,14.89999962,14,14.30000019,14.60000038,14.5,14.39999962
Malta,13.60000038,10.30000019,15.60000038,12.19999981,16.10000038,12.30000019,12.39999962,10.10000038,14.89999962,10.19999981,14.30000019,13.89999962,19.29999924,17.79999924,16.10000038,14.5,11.5,10.10000038,12.80000019,11.60000038,14.10000038,14.60000038,12,12.5
Myanmar,10.5,10.5,10.5,10.39999962,10.39999962,10.5,10.60000038,10.80000019,10.30000019,10.19999981,10.30000019,10.30000019,10.19999981,10.19999981,10.19999981,10.19999981,10.30000019,10.60000038,10.5,10.5,10.5,10.39999962,10.39999962,10.69999981
Middle East & North Africa (excluding high income),42.13115593,42.73462993,44.74701834,44.98734921,46.30437784,46.0227333,42.68959537,43.42630586,39.13677963,43.66315764,44.49791872,41.95666242,40.63367297,39.24558015,44.35846961,41.92141782,40.51096838,40.88257679,41.35727202,44.19254528,47.32125046,47.80646305,47.62483308,48.58599617
Montenegro,31.89999962,33.70000076,45.70000076,43.90000153,34.40000153,35.90000153,43.09999847,40.20000076,44,35.5,42.90000153,43.5,44,34.90000153,35.40000153,32.20000076,45.79999924,28.5,35.79999924,47.40000153,40,39.79999924,39.70000076,39.40000153
Mongolia,8.800000191,8.800000191,9.699999809,11.19999981,13.69999981,11.19999981,11.60000038,11.5,11.39999962,10.89999962,11.39999962,11.89999962,10.30000019,12,12.30000019,9.899999619,13,8.600000381,10.5,13.60000038,10.10000038,10.80000019,10.39999962,10
Mozambique,40,42.20000076,39.59999847,40.09999847,40.79999924,38.59999847,39.20000076,39.09999847,39.70000076,41,39,39.59999847,40.09999847,39.79999924,39.70000076,39.70000076,40,40,40.09999847,40,39.90000153,40,40,39.90000153
Mauritania,41.29999924,41.40000153,41.5,41.59999847,41.70000076,41.79999924,41.90000153,42.09999847,42.20000076,42.29999924,42.40000153,42.5,42.59999847,42.70000076,42.29999924,41.90000153,41.5,41.20000076,42.09999847,41.09999847,41.20000076,40.59999847,40.70000076,40.70000076
Mauritius,29.89999962,29.79999924,29.70000076,29.70000076,26.70000076,26.5,26.29999924,26.5,26.70000076,24.60000038,22.70000076,24.39999962,26.60000038,31.60000038,34.40000153,30.39999962,30.5,24.60000038,25.5,28.5,27.79999924,28.20000076,29.70000076,27.89999962
Malawi,14.5,16,14.39999962,16.29999924,14,14.30000019,14.69999981,15.19999981,15,15.30000019,15.80000019,15.19999981,14.80000019,14.80000019,15.10000038,15.19999981,14.39999962,14.5,14.5,14.69999981,14.89999962,15.10000038,15,14.80000019
Malaysia,9.399999619,11.30000019,12.60000038,11.69999981,9.699999809,7.900000095,7.699999809,9.100000381,9.399999619,8.5,11.39999962,11.5,12,11.69999981,11.80000019,11.19999981,11.19999981,11.5,12.39999962,11.80000019,10.80000019,10.89999962,12.19999981,7.5
North America,12.80994042,13.59912157,12.78795581,12.07755635,12.03736472,11.72456787,11.32750582,10.34788574,9.988475595,9.320234111,9.833874405,11.43814803,11.62856466,11.26649886,10.40947633,9.947554931,9.628632496,11.3469266,14.84137283,15.74616493,15.55676794,14.77117005,14.01865411,12.63318557
Namibia,39.29999924,39.5,39.70000076,34.20000076,36.20000076,38.09999847,41.29999924,42.40000153,43.5,46.09999847,46.79999924,45.5,38.59999847,47.79999924,43.09999847,47.29999924,41.40000153,64.69999695,55.79999924,47.79999924,44.90000153,40,45.70000076,43.29999924
Niger,6,6.400000095,6.099999905,6,6.400000095,5.900000095,6.099999905,5.599999905,6.099999905,6.199999809,5.800000191,5.900000095,5.800000191,6.199999809,5.800000191,5.900000095,6,5.699999809,6.199999809,5.800000191,6,5.699999809,5.800000191,5.800000191
Nigeria,13.39999962,13.39999962,13.30000019,13.39999962,13.39999962,13.30000019,13.30000019,13.30000019,13.39999962,13.30000019,13.30000019,13.10000038,13.30000019,13.30000019,13.30000019,13.30000019,13.30000019,13.30000019,13.30000019,13.30000019,13.30000019,13.30000019,13.19999981,13.19999981
Nicaragua,7.900000095,7.900000095,7.900000095,6.400000095,9.399999619,8,6.699999809,7.900000095,6.099999905,4.699999809,6.099999905,7.400000095,16,13.19999981,10.89999962,9.699999809,10,13.30000019,14.5,16.29999924,15.19999981,13.80000019,10,9.699999809
Netherlands,12,8.600000381,9.5,9,12.69999981,11.5,10.30000019,9.300000191,8.199999809,5.900000095,4.400000095,5,6.5,8,8.300000191,7.099999905,6.199999809,5.300000191,6.099999905,8.699999809,7.699999809,10.10000038,11.19999981,12
Norway,11.69999981,12.39999962,13.10000038,11.80000019,11.60000038,12.30000019,10.80000019,9.199999809,9.399999619,10.60000038,9.899999619,10.19999981,10.5,10.60000038,11.30000019,8.600000381,6.5,6.900000095,8.100000381,7.599999905,8,7.199999809,7.5,7.300000191
Nepal,2.5,2.400000095,2.5,2.700000048,2.799999952,5.099999905,4.400000095,3.599999905,2.099999905,2.799999952,4.099999905,3.200000048,2.400000095,2.400000095,2.700000048,2.799999952,2.799999952,3.200000048,3.299999952,3.299999952,3.299999952,3.299999952,3.299999952,3.200000048
New Zealand,17.20000076,16.89999962,16.39999962,14.80000019,12.30000019,11.5,13.30000019,13.89999962,12.89999962,12.5,11.80000019,11.69999981,10.69999981,10.39999962,10.10000038,10.60000038,10.30000019,11,17,17.29999924,16,18.10000038,16.29999924,15.60000038
OECD members,13.57303437,14.14408252,15.330838,15.47393758,16.32891868,15.73791881,15.59050714,14.61569526,14.37303886,13.38064612,13.35680898,14.33817998,14.63879777,15.09116637,14.25142396,13.60063495,12.67874711,13.13079125,16.02093809,16.54991245,16.5446768,16.81618998,16.84987327,16.21475603
Oman,29.29999924,29.29999924,29.29999924,29.20000076,29.20000076,29.20000076,29.29999924,29.20000076,29.10000038,29.29999924,29.20000076,29,29,29.10000038,29.20000076,29.20000076,29.20000076,29.29999924,29.29999924,29.20000076,29.20000076,29.20000076,29.5,30.10000038
Other small states,25.51557341,27.88063696,29.78853433,27.31612164,27.8233585,27.06666122,28.39672428,25.88981513,28.88202054,28.68700083,30.7057752,27.33200137,30.23814565,30.51069871,29.6524108,28.15257132,27.19269981,29.02935162,29.55473657,29.09900646,28.79469818,27.8056049,27.93824814,27.97090307
Pakistan,22.20000076,15.5,10.80000019,10.19999981,18,18.70000076,20.89999962,18.5,21.20000076,29.39999962,27.20000076,20.70000076,19.29999924,15.10000038,13.69999981,9.800000191,9,10.69999981,11.30000019,11,10.89999962,10.80000019,11.39999962,12.10000038
Panama,40.70000076,38,35.40000153,35.90000153,35.20000076,37.5,35,38.5,34,36.5,38.29999924,37.20000076,36.40000153,33,28,27.79999924,22.39999962,20.39999962,21.89999962,20.79999924,14.10000038,13,13.19999981,14.60000038
Peru,12.89999962,11.80000019,12,11.5,11.69999981,12.80000019,10.89999962,11.69999981,13,12.69999981,10.69999981,12.39999962,13,12.10000038,11.30000019,10.19999981,10.10000038,9.600000381,9,9,9.600000381,9.800000191,9.300000191,9.699999809
Philippines,21.20000076,19.89999962,20.39999962,20.29999924,18.79999924,17.20000076,18.10000038,21,22.10000038,25.60000038,25.29999924,27.10000038,25.29999924,27.89999962,19.39999962,19.79999924,19.39999962,19.29999924,19.29999924,18.79999924,18,18.39999962,18.60000038,18.39999962
Papua New Guinea,6.199999809,6,5.800000191,6.300000191,6.699999809,6.300000191,6.800000191,6.300000191,6.400000095,6.599999905,6.5,6.400000095,6.300000191,6.5,6.300000191,6.400000095,6.199999809,6.199999809,6.199999809,6.099999905,6,6.099999905,6.300000191,6.199999809
Poland,28.20000076,29.60000038,32.09999847,34,33.29999924,30.89999962,27.70000076,25,31.39999962,36.90000153,41.29999924,43.59999847,43.70000076,42.90000153,38.79999924,31.29999924,23.70000076,19.60000038,21.10000038,25.20000076,28.5,29.79999924,29.89999962,25.5
Pre-demographic dividend,17.06376569,17.2429089,17.1993485,17.12390564,16.89953227,16.89882239,16.76040814,16.79404723,16.64033351,16.81925975,16.77946736,16.55580929,16.33357379,16.59020086,15.80762076,16.24914617,15.64429034,15.54445079,15.89560177,15.88143369,16.05828836,15.94766277,15.91821499,15.99437734
Puerto Rico,34,31.79999924,25.70000076,23.39999962,23.79999924,26.29999924,25.29999924,25.29999924,20.10000038,16.5,20.79999924,23.79999924,23.60000038,19.39999962,21.20000076,21.89999962,19.29999924,21,23.20000076,22.20000076,24.70000076,23.89999962,24.60000038,24.29999924
"Korea, Dem. People's Rep.",5.699999809,5.699999809,5.5,5.400000095,5.400000095,8.699999809,8.699999809,9.300000191,8.699999809,8.600000381,9,8.699999809,8.699999809,8.399999619,8.5,8.399999619,8.399999619,8.800000191,9.300000191,8.399999619,8.399999619,8.800000191,8.800000191,8.800000191
Portugal,12.19999981,11.19999981,14.89999962,16.5,17.89999962,19.5,18.5,12.89999962,10.89999962,11.5,12.19999981,13.80000019,17,17.70000076,19,18.5,20.29999924,20.29999924,21.60000038,23.70000076,31.60000038,39,39.5,36.5
Paraguay,16.10000038,11.89999962,17.39999962,15.5,7.099999905,9.5,12,12.10000038,13.5,17.29999924,17.29999924,24.89999962,20.29999924,19.20000076,15.10000038,17.5,18.10000038,16.5,17,15.89999962,14.19999981,13.69999981,13,12
Post-demographic dividend,14.29609386,14.79694028,15.97017321,15.92481327,15.99571415,16.18907163,16.17594087,15.86737227,15.48809211,14.17059975,13.6220075,13.96193776,14.06104455,13.85382838,13.54320996,13.08525525,12.27706144,12.73584888,15.58584227,16.5709705,16.75735763,17.16598865,17.10854557,16.39494214
Qatar,6.599999905,3.5,4.199999809,5,5.900000095,7,8.100000381,3.700000048,7.400000095,13.30000019,11.19999981,9.399999619,14.19999981,20.39999962,15.89999962,13,7.199999809,4.699999809,5,7.199999809,10.30000019,6.900000095,6.800000191,7.599999905
Romania,21.79999924,24.39999962,24.39999962,24.29999924,23.29999924,24.39999962,19.39999962,17,15.39999962,15.89999962,17.10000038,21.79999924,20,18.70000076,18.60000038,20.20000076,18.70000076,18.29999924,20.29999924,22,23.89999962,23.39999962,24.20000076,25.10000038
Russian Federation,24.5,13.10000038,14.10000038,17.29999924,19.89999962,20.60000038,23.89999962,27.70000076,25.89999962,22.20000076,19.20000076,16.89999962,18.79999924,18.79999924,16.79999924,17.29999924,14.39999962,15,18.89999962,17.20000076,15.60000038,15.39999962,14.80000019,13.60000038
Rwanda,0.5,0.5,0.600000024,0.699999988,0.400000006,0.5,0.5,0.5,0.5,0.5,0.5,0.5,0.5,0.5,0.5,0.5,0.5,0.5,0.5,0.5,0.5,0.5,0.5,0.5
South Asia,12.88843466,12.24031804,11.73143352,8.904882573,10.23151779,10.10106589,11.06411475,11.94766733,11.51522748,12.36345099,13.14831572,11.5121951,10.25739304,10.07474591,11.27551464,10.65247325,9.362663572,10.56033633,10.54761639,11.33204247,11.40071119,11.41827224,11.26900597,11.32237692
Saudi Arabia,44.5,42.09999847,50.29999924,35.09999847,50.20000076,55.09999847,54.70000076,54.79999924,27,31,29.79999924,37.70000076,53,52.29999924,52.29999924,50.40000153,46.40000153,50.40000153,55.20000076,54.29999924,52.79999924,55.90000153,55.29999924,55.70000076
Sudan,29.70000076,29.20000076,29.5,29.39999962,29.5,29.60000038,31.20000076,30,30,30.10000038,29.60000038,29.5,29.60000038,29.60000038,29.39999962,29.60000038,29.60000038,26.5,33,33,32.90000153,32.79999924,32.5,32.20000076
Senegal,19.89999962,16.60000038,17.10000038,17.5,17.89999962,19.39999962,19.5,17.5,17.20000076,19.39999962,18.39999962,11.89999962,16.89999962,17.5,17.70000076,18.70000076,16.79999924,17.79999924,18.60000038,17.39999962,18.70000076,18.5,19,18.60000038
Singapore,9.100000381,6.800000191,6.5,7.300000191,7.199999809,7,7,11.69999981,11.89999962,10.39999962,11.19999981,15.89999962,16.79999924,15.10000038,14.39999962,12.30000019,11,12,15.69999981,12.39999962,11.5,11.30000019,11.30000019,11.80000019
Solomon Islands,10.5,10.19999981,10.60000038,10.39999962,10.30000019,10.69999981,10.80000019,10.69999981,10.80000019,11.39999962,11.10000038,10.89999962,10.5,10.39999962,10.19999981,10.60000038,10.5,10.5,11,10.39999962,10.30000019,10.60000038,10.80000019,10.89999962
Sierra Leone,3.799999952,3.900000095,3.599999905,3.5,3.900000095,4.300000191,4.099999905,3.599999905,3.799999952,3.5,3.200000048,3,3.400000095,3.400000095,3.5,3.5,3.400000095,3.5,3.5,3.5,3.400000095,3.200000048,3.099999905,3.099999905
El Salvador,8.800000191,11.10000038,13.80000019,10.89999962,13.89999962,15.10000038,11.69999981,13.19999981,10.30000019,10.10000038,9.899999619,8.399999619,7.5,9.300000191,10.39999962,10,7.900000095,8.899999619,12.39999962,13.5,11.5,11.19999981,12.30000019,11.69999981
Somalia,11.69999981,11.69999981,11.5,11.89999962,11.39999962,11.30000019,11.39999962,11.5,11.5,11.60000038,11.39999962,11.60000038,11.60000038,11.39999962,11.39999962,11.39999962,11.30000019,11.5,11.39999962,11.30000019,11.30000019,11.30000019,11.39999962,11.5
Serbia,31.79999924,35.29999924,45.20000076,54.90000153,33.59999847,33.09999847,34.59999847,34.29999924,34.29999924,31.60000038,32.09999847,34.70000076,38.40000153,46.90000153,52.90000153,54,47,40.09999847,47.20000076,52.5,58,58.20000076,57.09999847,56.40000153
Sub-Saharan Africa (excluding high income),17.22062993,17.17104153,17.24017354,16.27982129,15.74152886,16.22799809,16.73494687,16.52538831,16.96277673,16.66483842,16.86277834,16.73677255,16.84380719,16.2573588,15.64803921,15.75511475,15.29825571,15.33810437,15.60674051,15.83408855,15.89099829,15.91574061,15.1781816,15.24584082
Sub-Saharan Africa,17.22062993,17.17104153,17.24017354,16.27982129,15.74152886,16.22799809,16.73494687,16.52538831,16.96277673,16.66483842,16.86277834,16.73677255,16.84380719,16.2573588,15.64803921,15.75511475,15.29825571,15.33810437,15.60674051,15.83408855,15.89099829,15.91574061,15.1781816,15.24584082
Small states,28.62794957,30.42422224,31.59965288,29.29121482,29.98633801,29.87527152,30.4705362,28.58944598,31.07791438,30.05834488,30.93729221,27.89161293,29.81960154,29.81695501,28.65498731,27.23855926,26.2799982,28.10502726,29.06460816,29.08923708,28.65220443,28.38145943,28.7348614,28.32747965
Suriname,34.40000153,53.09999847,48.59999847,37.90000153,30.20000076,39.40000153,38.5,39.29999924,59.90000153,51.70000076,23,26.20000076,51.70000076,36,23,38.09999847,23.89999962,22.70000076,33.59999847,28.29999924,26,23.79999924,23,26
Slovak Republic,20.29999924,20.79999924,22,26.5,23.10000038,21.5,22.5,23.20000076,31.89999962,33.70000076,35.5,35.40000153,31.70000076,30.79999924,28.89999962,27.10000038,19.89999962,20,26.70000076,32.09999847,33.5,32.40000153,31.29999924,33.40000153
Slovenia,14,11.39999962,27.60000038,23.10000038,20.20000076,16.79999924,19.29999924,18.39999962,19.89999962,18.39999962,16.70000076,18.70000076,20,19.29999924,17.79999924,17,11.10000038,11.39999962,13.5,13.80000019,16.79999924,21,24.39999962,21.60000038
Sweden,7.5,11.39999962,19.70000076,20.5,19.20000076,21.60000038,21.29999924,16.70000076,14.39999962,11.80000019,10.89999962,12.19999981,13.30000019,16.5,22.29999924,22.10000038,20.39999962,21.29999924,24.10000038,24.10000038,22.70000076,22.79999924,22.60000038,21.20000076
Swaziland,45.20000076,44.90000153,44.90000153,45,40.90000153,42.20000076,45.5,45.59999847,45.59999847,45.79999924,45.90000153,45.79999924,45.79999924,45.59999847,45.70000076,45.59999847,45.5,45.70000076,45.90000153,45.79999924,46.20000076,45.79999924,45.59999847,46.09999847
Syrian Arab Republic,36.79999924,37,27.5,27.20000076,26.10000038,36.09999847,29.5,27,29.10000038,37.70000076,46,43.09999847,32.70000076,35.90000153,39.09999847,45.20000076,48,46.79999924,41.70000076,40.79999924,71.80000305,71.80000305,71,66.59999847
Chad,11,11.60000038,11.89999962,11.30000019,11.80000019,11.60000038,11.30000019,11.19999981,11.80000019,11.80000019,10.89999962,11.10000038,10.69999981,9.399999619,11.19999981,11.69999981,11.5,11.5,11.39999962,10.80000019,11.80000019,11.10000038,11.30000019,11.10000038
East Asia & Pacific (IDA & IBRD countries),9.194409558,7.405642127,8.348430488,8.720902155,8.437255034,8.677806124,8.929740079,9.933194701,10.13162454,9.959170546,11.10698125,11.23063312,11.22088479,11.57056694,11.56592463,11.03705793,9.847779505,10.21580832,10.06511283,10.40645106,9.845153615,9.943043652,10.60981024,10.92348711
Europe & Central Asia (IDA & IBRD countries),21.11748872,18.34884053,19.66685823,20.05035732,20.15190499,20.1763731,21.57508196,22.70228044,22.80403969,21.90036477,21.84332198,21.85647716,22.39912474,22.22885554,20.90656469,20.41076002,18.47270795,17.93838881,20.51652577,20.39523526,20.11110991,19.84345425,19.43376613,18.96229258
Togo,11.69999981,12,13.10000038,10.69999981,11.19999981,11.19999981,11.5,11.89999962,11.60000038,11.80000019,11.89999962,11.80000019,11.39999962,11.60000038,11.69999981,11.5,11.60000038,11.60000038,11.5,11.5,11.39999962,11.30000019,11.39999962,11.30000019
Thailand,6.900000095,3.599999905,4,2.599999905,2.5,2.400000095,1.899999976,6.599999905,7.400000095,6.300000191,7.5,5.400000095,5.199999809,4.5,4.5,5.400000095,4.5,5,6.599999905,4.300000191,3.200000048,3.5,4.099999905,4.699999809
Tajikistan,13.5,13.30000019,13.5,13.39999962,13.5,13.10000038,13.5,13.69999981,13.60000038,13.89999962,14,13.89999962,14,14,13.80000019,13.80000019,13.80000019,13.80000019,13.60000038,13.80000019,13.80000019,13.80000019,13.5,12.80000019
Turkmenistan,21.79999924,21.70000076,21.70000076,21.60000038,21.70000076,21,20.60000038,22.10000038,22.89999962,23.10000038,23.29999924,22.89999962,23,22.79999924,22.60000038,22.5,22.5,22.79999924,22,22.29999924,22.79999924,22.5,22.20000076,21.89999962
Latin America & the Caribbean (IDA & IBRD countries),16.69391392,14.64224603,15.78274551,15.87670664,18.52742262,19.03651575,18.68471726,19.43120431,19.62402402,20.15511555,19.33272728,20.88268696,21.87281617,21.41282449,20.21858665,19.20822335,17.91398715,17.33592501,19.28527167,18.89472546,17.93787755,17.21199478,16.54700294,17.24019742
Middle East & North Africa (IDA & IBRD countries),42.26884112,42.78323804,44.89505538,45.00948809,46.32783369,46.06304572,42.75721893,43.60090134,39.31070571,43.84123358,44.64258765,42.01713391,40.65976879,39.19103933,44.35707895,41.90846387,40.49110337,40.81305992,41.30484114,44.14521951,47.270561,47.65092005,47.44893527,48.38395689
Timor-Leste,20.20000076,20.10000038,20,19.79999924,19.79999924,19.79999924,19.89999962,20.60000038,19.89999962,19.70000076,24.70000076,23.70000076,22.70000076,21.60000038,20.60000038,19.60000038,21.10000038,21,20.79999924,19.89999962,19.39999962,20.10000038,19.39999962,19.70000076
South Asia (IDA & IBRD),12.88843466,12.24031804,11.73143352,8.904882573,10.23151779,10.10106589,11.06411475,11.94766733,11.51522748,12.36345099,13.14831572,11.5121951,10.25739304,10.07474591,11.27551464,10.65247325,9.362663572,10.56033633,10.54761639,11.33204247,11.40071119,11.41827224,11.26900597,11.32237692
Sub-Saharan Africa (IDA & IBRD countries),17.22062993,17.17104153,17.24017354,16.27982129,15.74152886,16.22799809,16.73494687,16.52538831,16.96277673,16.66483842,16.86277834,16.73677255,16.84380719,16.2573588,15.64803921,15.75511475,15.29825571,15.33810437,15.60674051,15.83408855,15.89099829,15.91574061,15.1781816,15.24584082
Trinidad and Tobago,41.20000076,41.70000076,39.79999924,37.20000076,34.90000153,36,33.59999847,32.29999924,30.70000076,27.60000038,25.70000076,25.79999924,26.39999962,21.20000076,21.39999962,17,14,12.69999981,14.30000019,16.70000076,13.5,15,11.30000019,13.19999981
Tunisia,31.79999924,29.79999924,28,29.70000076,27.79999924,28.39999962,29.10000038,34,31.5,31.20000076,30.20000076,30.79999924,29.39999962,28.39999962,29.10000038,26,26.29999924,26.70000076,28.79999924,27.79999924,40.29999924,30.89999962,29.5,29.89999962
Turkey,11.5,13.39999962,15.69999981,13.30000019,12.80000019,10.89999962,14.60000038,12.5,13.69999981,11.60000038,14,16.79999924,18.20000076,20.10000038,20,19.89999962,20.10000038,20.60000038,24.29999924,22.60000038,20.20000076,19.5,19.20000076,19.89999962
Tanzania,7.599999905,7.800000191,8.100000381,8.399999619,9.699999809,10.30000019,9.600000381,9.800000191,9.600000381,10.30000019,10.10000038,7.800000191,7.5,6.5,5.5,8.800000191,3.900000095,5.199999809,5.599999905,6.599999905,7.699999809,7.099999905,6.5,6.699999809
Uganda,5.800000191,5.400000095,5.099999905,6.099999905,5.099999905,4.199999809,5.199999809,5.199999809,5.199999809,5.300000191,4.599999905,6.599999905,6,4.800000191,3.799999952,6.900000095,5.699999809,6.900000095,8,7.900000095,7.900000095,8,8,7.400000095
Ukraine,14.19999981,15.89999962,15.10000038,13.19999981,11.60000038,15.69999981,18.29999924,23.29999924,23.89999962,23.89999962,22.5,19.79999924,18.79999924,15.39999962,14.5,14,13.19999981,13.19999981,15.10000038,16.79999924,19.10000038,16.20000076,15,15.5
Upper middle income,13.63986354,12.56102834,13.29510169,13.37287728,14.45742851,15.18769665,15.35708095,16.19553507,16.38544293,16.42562941,16.29246471,16.54160668,16.47960846,15.85437429,15.45567605,14.82890704,14.12120963,14.3602743,15.19762637,15.31203622,15.12174702,15.33416696,15.38781566,15.94869623
Uruguay,22.79999924,23.60000038,25.10000038,23.39999962,32.5,24.29999924,28.5,26.79999924,29.89999962,33.29999924,30.29999924,27.5,24.79999924,24.79999924,28,35.20000076,30.60000038,24.60000038,24.20000076,26.5,22.20000076,23.79999924,21.79999924,23.5
United States,12.80000019,13.5,12.60000038,11.89999962,11.89999962,11.5,10.89999962,10,9.699999809,9.100000381,9.699999809,11.39999962,11.60000038,11.19999981,10.39999962,9.899999619,9.600000381,11.5,15.10000038,16.10000038,15.89999962,15,14.19999981,12.69999981
Uzbekistan,21.79999924,21.70000076,21.79999924,21.70000076,21.79999924,21.70000076,22,21.89999962,21.89999962,21.79999924,21.89999962,21.89999962,21.89999962,22.20000076,22.10000038,22.20000076,22.29999924,22.29999924,22.20000076,22.20000076,22.20000076,22.20000076,22.20000076,22
"Venezuela, RB",22,18,15.89999962,17.39999962,25.60000038,35.09999847,26.39999962,26.5,32.59999847,28.29999924,27.70000076,34.5,35.09999847,32.09999847,25.10000038,22,17.5,15.89999962,18.70000076,21.5,21.89999962,22.60000038,18.5,21.39999962
Vietnam,5.300000191,5.400000095,6.400000095,5.199999809,3.799999952,2.799999952,4.199999809,3.700000048,5.400000095,4.400000095,6.900000095,4.400000095,4.900000095,4.699999809,4.800000191,5.199999809,5.300000191,5.599999905,6,6.099999905,5.5,5.900000095,7.199999809,7
West Bank and Gaza,27.39999962,37.59999847,29.29999924,42.70000076,43.90000153,41.90000153,35.79999924,25.39999962,21,25,29.29999924,35.59999847,37.90000153,44.90000153,44.5,43.20000076,42.40000153,47.20000076,45.90000153,48.09999847,51.29999924,59.40000153,60.09999847,62.29999924
World,14.49007352,13.55433494,14.30137135,13.75727779,14.38071715,14.62956814,14.94559444,15.61655677,15.3083306,15.54834806,16.01666147,15.7383665,15.56258414,15.38864714,15.67485617,15.04365648,13.87941731,14.30452542,14.98373708,15.51888557,15.46667381,15.52201722,15.45184958,15.57259
"Yemen, Rep.",51.40000153,47.09999847,42.70000076,52.09999847,48.90000153,45.59999847,48.29999924,51.70000076,45.29999924,53.09999847,45.40000153,45.29999924,46,45.5,51.40000153,50,48.70000076,47.70000076,46.40000153,56.70000076,56.09999847,56.5,55.59999847,54.09999847
South Africa,53.90000153,50.59999847,54.20000076,43.29999924,36.70000076,45.79999924,50.20000076,48.20000076,50.70000076,47.90000153,53.09999847,57.40000153,59.5,57.70000076,55,52.59999847,52.90000153,50.59999847,52.5,54.90000153,55.29999924,57.59999847,55.5,57.09999847
"Congo, Dem. Rep.",15.10000038,15.30000019,15.60000038,14.60000038,14.19999981,14.39999962,14.80000019,14.39999962,14.69999981,14.89999962,14.5,14,13.80000019,13.69999981,13.69999981,13.80000019,13.69999981,13.69999981,14,13.60000038,13.69999981,13.60000038,13.60000038,13.30000019
Zambia,29.29999924,29.60000038,30.39999962,29.29999924,28.5,23.60000038,22.29999924,18.5,18.79999924,19.79999924,23.39999962,25.39999962,23.5,22.89999962,22.29999924,24.10000038,23.5,23.79999924,24.10000038,24.10000038,24.60000038,24.60000038,23.39999962,23.10000038
Zimbabwe,10.19999981,10.19999981,10.60000038,8.899999619,9.800000191,10.60000038,12.10000038,11.39999962,10.30000019,10.5,9.100000381,8.399999619,7.699999809,7,7.400000095,7.900000095,8,8.899999619,9.800000191,9.199999809,9.300000191,9.300000191,9.300000191,9.399999619